insert into usuario (correo, tipo) values ('dacorcam@hotmail.com','C');
insert into cliente (nombre_cliente,apellido_cliente,password,correo_cliente) 
values ('Jose','Cordero','4a7d1ed414474e4033ac29ccb8653d9b','dacorcam@hotmail.com');

insert into usuario (correo, tipo) values ('carcamaron@gmail.com','C');
insert into cliente (nombre_cliente,apellido_cliente,password,correo_cliente) 
values ('Carlos','Camaron','4a7d1ed414474e4033ac29ccb8653d9b','carcamaron@gmail.com');

insert into usuario (correo, tipo) values ('zocorro@gmail.com','C');
insert into cliente (nombre_cliente,apellido_cliente,password,correo_cliente) 
values ('Carlos','Camaron','1234567uiop','zocorro@gmail.com');

insert into usuario (correo, tipo) values ('arenascr@gmail.com','E');
insert into empresa (nombre_empresa,password_empresa,numero_telefono,direccion,correo_tienda,provincia)
values ('Arenas','4a7d1ed414474e4033ac29ccb8653d9b','88654355','Heredia Centro','arenascr@gmail.com','Heredia');

insert into usuario (correo, tipo) values ('prueba@gmail.com','E');
insert into empresa (nombre_empresa,password_empresa,numero_telefono,direccion,correo_tienda,provincia)
values ('Prueba','123','88654355','Heredia','prueba@gmail.com','San jose');

--no esta mostrando los productos de la tienda.
--Clave 0000: 4a7d1ed414474e4033ac29ccb8653d9b
-------------------------producto hombres-------------------------------------------

insert into producto 
(correo_tienda, descripcion,categoria)
values
('arenascr@gmail.com','Jacket Tela','abrigos');

insert into producto 
(correo_tienda, descripcion,categoria)
values
('arenascr@gmail.com','Jacket Cuero','abrigos');

insert into producto 
(correo_tienda, descripcion,categoria)
values
('arenascr@gmail.com','Jacket Botones','jeans');

insert into producto 
(correo_tienda, descripcion,categoria)
values
('arenascr@gmail.com','Jacket Largo','abrigos');

insert into producto 
(correo_tienda, descripcion,categoria)
values
('arenascr@gmail.com','Jacket Gorro','abrigos');

insert into producto 
(correo_tienda, descripcion,categoria)
values
('arenascr@gmail.com','Abrigo','abrigos');

insert into producto 
(correo_tienda, descripcion,categoria)
values
('arenascr@gmail.com','Abrigo Largo','abrigos');

insert into producto 
(correo_tienda, descripcion,categoria)
values
('arenascr@gmail.com','Abrigo Gorro','abrigos');

insert into producto 
(correo_tienda, descripcion,categoria)
values
('arenascr@gmail.com','Jacket Cuero','abrigos');

---------------------Mujer---------------------------------
insert into producto 
(correo_tienda, descripcion,categoria)
values
('arenascr@gmail.com','Abrigo Largo','abrigos');

insert into producto 
(correo_tienda, descripcion,categoria)
values
('arenascr@gmail.com','Abrigo Gorro','abrigos');

insert into producto 
(correo_tienda, descripcion,categoria)
values
('arenascr@gmail.com','Abrigo Gorro','abrigos');

insert into producto 
(correo_tienda, descripcion,categoria)
values
('arenascr@gmail.com','Abrigo Corto','abrigos');

insert into producto 
(correo_tienda, descripcion,categoria)
values
('arenascr@gmail.com','Abrigo Largo','abrigos');

insert into producto 
(correo_tienda, descripcion,categoria)
values
('arenascr@gmail.com','Abrigo Verano','abrigos');

insert into producto 
(correo_tienda, descripcion,categoria)
values
('arenascr@gmail.com','Abrigo Corto','abrigos');

insert into producto 
(correo_tienda, descripcion,categoria)
values
('arenascr@gmail.com','Abrigo Corto','abrigos');

-------------vestidos-----------------------------------
insert into producto 
(correo_tienda, descripcion,categoria)
values
('arenascr@gmail.com','Vestido Largo','camisetas');

insert into producto 
(correo_tienda, descripcion,categoria)
values
('arenascr@gmail.com','Vestido Largo','camisetas');

insert into producto 
(correo_tienda, descripcion,categoria)
values
('arenascr@gmail.com','Vestido Largo','camisetas');

insert into producto 
(correo_tienda, descripcion,categoria)
values
('arenascr@gmail.com','Vestido Corto','camisetas');

-------------blusas------------------------------------
insert into producto 
(correo_tienda, descripcion,categoria)
values
('arenascr@gmail.com','Blusa Manga Larga','camisas');

insert into producto 
(correo_tienda, descripcion,categoria)
values
('arenascr@gmail.com','Blusa Corta','camisas');

insert into producto 
(correo_tienda, descripcion,categoria)
values
('arenascr@gmail.com','Blusa Larga','camisas');

insert into producto 
(correo_tienda, descripcion,categoria)
values
('arenascr@gmail.com','Blusa Corta','camisas');

-----------jeans mujer-----------------------------------
insert into producto 
(correo_tienda, descripcion,categoria)
values
('arenascr@gmail.com','Jeans Manga Larga','jeans');

insert into producto 
(correo_tienda, descripcion,categoria)
values
('arenascr@gmail.com','Jeans Cuadros','jeans');

insert into producto 
(correo_tienda, descripcion,categoria)
values
('arenascr@gmail.com','Jeans sin Mangas','jeans');

insert into producto 
(correo_tienda, descripcion,categoria)
values
('arenascr@gmail.com','Jeans Manga Larga','jeans');

-----------pantalon mujer-----------------------------------
insert into producto 
(correo_tienda, descripcion,categoria)
values
('arenascr@gmail.com','Pantalon Licra','pantalones');

insert into producto 
(correo_tienda, descripcion,categoria)
values
('arenascr@gmail.com','Pantalon Largo','pantalones');

insert into producto 
(correo_tienda, descripcion,categoria)
values
('arenascr@gmail.com','Pantalon Verano','pantalones');

insert into producto 
(correo_tienda, descripcion,categoria)
values
('arenascr@gmail.com','Pantalon Largo','pantalones');

-----------calzados mujer-----------------------------------
insert into producto 
(correo_tienda, descripcion,categoria)
values
('arenascr@gmail.com','Botas al Tobillo','calzado');

insert into producto 
(correo_tienda, descripcion,categoria)
values
('arenascr@gmail.com','Tennis Nike','calzado');

insert into producto 
(correo_tienda, descripcion,categoria)
values
('arenascr@gmail.com','Zapatillas Oficina','calzado');

insert into producto 
(correo_tienda, descripcion,categoria)
values
('arenascr@gmail.com','Tennis K-light','calzado');

-----------Accesorios mujer-----------------------------------
insert into producto 
(correo_tienda, descripcion,categoria)
values
('arenascr@gmail.com','Burton Sombrero','accesorios');

insert into producto 
(correo_tienda, descripcion,categoria)
values
('arenascr@gmail.com','Medias de Rayas','accesorios');

insert into producto 
(correo_tienda, descripcion,categoria)
values
('arenascr@gmail.com','Accesorio Cabello','accesorios');

insert into producto 
(correo_tienda, descripcion,categoria)
values
('arenascr@gmail.com','Yoga Ejercicio','accesorios');

-----------Accesorios mujer-----------------------------------
insert into producto 
(correo_tienda, descripcion,categoria)
values
('arenascr@gmail.com','Ropa Descanso mujer','punto');

insert into producto 
(correo_tienda, descripcion,categoria)
values
('arenascr@gmail.com','Sweater Punto','punto');

insert into producto 
(correo_tienda, descripcion,categoria)
values
('arenascr@gmail.com','Pijama Punto','punto');

insert into producto 
(correo_tienda, descripcion,categoria)
values
('arenascr@gmail.com','Top Camisa Punto','punto');

-----------Camisas hombre-----------------------------------
insert into producto 
(correo_tienda, descripcion,categoria)
values
('arenascr@gmail.com','Camisa Tipo Polo','camisas');

insert into producto 
(correo_tienda, descripcion,categoria)
values
('arenascr@gmail.com','Camisa Manga Larga','camisas');

insert into producto 
(correo_tienda, descripcion,categoria)
values
('arenascr@gmail.com','Camisa Manga Corta','camisas');

insert into producto 
(correo_tienda, descripcion,categoria)
values
('arenascr@gmail.com','Camisa con Rayas','camisas');

-----------Camisetas hombre-----------------------------------
insert into producto 
(correo_tienda, descripcion,categoria)
values
('arenascr@gmail.com','Camiseta Estampada','camisetas');

insert into producto 
(correo_tienda, descripcion,categoria)
values
('arenascr@gmail.com','Camiseta Estampada','camisetas');

insert into producto 
(correo_tienda, descripcion,categoria)
values
('arenascr@gmail.com','Camiseta Estampada','camisetas');

insert into producto 
(correo_tienda, descripcion,categoria)
values
('arenascr@gmail.com','Camiseta Manga Larga','camisetas');

-----------Jeans hombre-----------------------------------
insert into producto 
(correo_tienda, descripcion,categoria)
values
('arenascr@gmail.com','Camiseta Estampada','jeans');

insert into producto 
(correo_tienda, descripcion,categoria)
values
('arenascr@gmail.com','Camiseta Estampada','jeans');

insert into producto 
(correo_tienda, descripcion,categoria)
values
('arenascr@gmail.com','Camiseta Estampada','jeans');

-----------Pantalones hombre-----------------------------------
insert into producto 
(correo_tienda, descripcion,categoria)
values
('arenascr@gmail.com','Pantalon de Vestir','pantalones');

insert into producto 
(correo_tienda, descripcion,categoria)
values
('arenascr@gmail.com','Pantalon Casual','pantalones');

insert into producto 
(correo_tienda, descripcion,categoria)
values
('arenascr@gmail.com','Pantalon Gym','pantalones');

insert into producto 
(correo_tienda, descripcion,categoria)
values
('arenascr@gmail.com','Pantalon Gym','pantalones');

-----------Calzado hombre-----------------------------------
insert into producto 
(correo_tienda, descripcion,categoria)
values
('arenascr@gmail.com','Transpirable Gamuza','calzado');

insert into producto 
(correo_tienda, descripcion,categoria)
values
('arenascr@gmail.com','Zapatos Altos','calzado');

insert into producto 
(correo_tienda, descripcion,categoria)
values
('arenascr@gmail.com','Zapatos Casuales','calzado');

insert into producto 
(correo_tienda, descripcion,categoria)
values
('arenascr@gmail.com','Tennis Casuales','calzado');

-----------Accesorios hombre-----------------------------------
insert into producto 
(correo_tienda, descripcion,categoria)
values
('arenascr@gmail.com','Reloj Oro','accesorios');

insert into producto 
(correo_tienda, descripcion,categoria)
values
('arenascr@gmail.com','Cadenas Bronce','accesorios');

insert into producto 
(correo_tienda, descripcion,categoria)
values
('arenascr@gmail.com','Sombrero Ultimate','accesorios');

insert into producto 
(correo_tienda, descripcion,categoria)
values
('arenascr@gmail.com','Sombrero Ultimate','accesorios');

-----------Punto hombre-----------------------------------
insert into producto 
(correo_tienda, descripcion,categoria)
values
('arenascr@gmail.com','Chaqueta Punto','punto');

insert into producto 
(correo_tienda, descripcion,categoria)
values
('arenascr@gmail.com','Chaqueta Punto','punto');

insert into producto 
(correo_tienda, descripcion,categoria)
values
('arenascr@gmail.com','Sweater Punto','punto');

insert into producto 
(correo_tienda, descripcion,categoria)
values
('arenascr@gmail.com','Chaqueta Punto','punto');

----------------detalle_producto hombres-------------------

insert into detalle_producto
(id_detalle,id_producto,cantidad,color,talla,precio,imagen,promocion,genero)
values
(1,1,3,'azul','S',25000,'../images/Abrigos/abrigo1.jpg','N','Hombre');

insert into detalle_producto
(id_detalle,id_producto,cantidad,color,talla,precio,imagen,promocion,genero)
values
(2,2,2,'cafe','M',20000,'../images/Abrigos/abrigo3.jpg','N','Hombre');

insert into detalle_producto
(id_detalle,id_producto,cantidad,color,talla,precio,imagen,promocion,genero)
values
(3,3,2,'azul','M',20000,'../images/Abrigos/abrigo002.jpg','N','Hombre');

insert into detalle_producto
(id_detalle,id_producto,cantidad,color,talla,precio,imagen,promocion,genero)
values
(4,4,2,'azul','M',20000,'../images/Abrigos/abrigo4.jpg','N','Hombre');

insert into detalle_producto
(id_detalle,id_producto,cantidad,color,talla,precio,imagen,promocion,genero)
values
(5,5,2,'azul','M',20000,'../images/Abrigos/abrigo5.jpg','N','Hombre');

insert into detalle_producto
(id_detalle,id_producto,cantidad,color,talla,precio,imagen,promocion,genero)
values
(6,6,2,'gris','M',20000,'../images/Abrigos/abrigo6.jpg','N','Hombre');

insert into detalle_producto
(id_detalle,id_producto,cantidad,color,talla,precio,imagen,promocion,genero)
values
(7,7,2,'cafe','M',20000,'../images/Abrigos/abrigo8.jpg','N','Hombre');

insert into detalle_producto
(id_detalle,id_producto,cantidad,color,talla,precio,imagen,promocion,genero)
values
(8,8,2,'cafe','M',20000,'../images/Abrigos/abrigo9.jpg','N','Hombre');

insert into detalle_producto
(id_detalle,id_producto,cantidad,color,talla,precio,imagen,promocion,genero)
values
(9,9,2,'cafe','M',20000,'../images/Abrigos/abrigo10.jpg','N','Hombre');

-----------------------------------detalle_producto Mujer------------------------------------
insert into detalle_producto
(id_detalle,id_producto,cantidad,color,talla,precio,imagen,promocion,genero)
values
(10,10,2,'gris','M',20000,'../images/Abrigos/abrigo1_mujer.jpg','N','Mujer');

insert into detalle_producto
(id_detalle,id_producto,cantidad,color,talla,precio,imagen,promocion,genero)
values
(11,11,10,'negro','S',25000,'../images/Abrigos/abrigo2_mujer.jpg','N','Mujer');

insert into detalle_producto
(id_detalle,id_producto,cantidad,color,talla,precio,imagen,promocion,genero)
values
(12,12,15,'verde','S',25000,'../images/Abrigos/abrigo3_mujer.jpg','N','Mujer');

insert into detalle_producto
(id_detalle,id_producto,cantidad,color,talla,precio,imagen,promocion,genero)
values
(13,13,10,'gris','S',20000,'../images/Abrigos/abrigo4_mujer.jpg','N','Mujer');

insert into detalle_producto
(id_detalle,id_producto,cantidad,color,talla,precio,imagen,promocion,genero)
values
(14,14,5,'gris','S',20000,'../images/Abrigos/abrigo5_mujer.jpg','N','Mujer');

insert into detalle_producto
(id_detalle,id_producto,cantidad,color,talla,precio,imagen,promocion,genero)
values
(15,15,5,'cafe','L',20000,'../images/Abrigos/abrigo6_mujer.jpg','N','Mujer');

insert into detalle_producto
(id_detalle,id_producto,cantidad,color,talla,precio,imagen,promocion,genero)
values
(16,16,15,'blanco','L',25000,'../images/Abrigos/abrigo7_mujer.jpg','N','Mujer');

insert into detalle_producto
(id_detalle,id_producto,cantidad,color,talla,precio,imagen,promocion,genero)
values
(17,17,15,'negro','L',25000,'../images/Abrigos/abrigo8_mujer.jpg','N','Mujer');

---- Vestidos mujer
insert into detalle_producto
(id_detalle,id_producto,cantidad,color,talla,precio,imagen,promocion,genero)
values
(18,18,4,'blanco','S',25000,'../images/Vestidos/Vestido01.jpg','N','Mujer');

insert into detalle_producto
(id_detalle,id_producto,cantidad,color,talla,precio,imagen,promocion,genero)
values
(19,19,10,'negro','M',20000,'../images/Vestidos/Vestido02.jpg','N','Mujer');

insert into detalle_producto
(id_detalle,id_producto,cantidad,color,talla,precio,imagen,promocion,genero)
values
(20,20,12,'negro','L',25000,'../images/Vestidos/Vestido03.jpg','N','Mujer');

insert into detalle_producto
(id_detalle,id_producto,cantidad,color,talla,precio,imagen,promocion,genero)
values
(21,21,15,'blanco','S',20000,'../images/Vestidos/Vestido04.jpg','N','Mujer');

----Blusas mujer
insert into detalle_producto
(id_detalle,id_producto,cantidad,color,talla,precio,imagen,promocion,genero)
values
(22,22,4,'gris','S',20000,'../images/Blusas/blusas01.jpg','N','Mujer');

insert into detalle_producto
(id_detalle,id_producto,cantidad,color,talla,precio,imagen,promocion,genero)
values
(23,23,10,'blanco','M',25000,'../images/Blusas/blusas02.jpg','N','Mujer');

insert into detalle_producto
(id_detalle,id_producto,cantidad,color,talla,precio,imagen,promocion,genero)
values
(24,24,12,'negro','L',20000,'../images/Blusas/blusas03.jpg','N','Mujer');

insert into detalle_producto
(id_detalle,id_producto,cantidad,color,talla,precio,imagen,promocion,genero)
values
(25,25,15,'azul','S',25000,'../images/Blusas/blusas04.jpg','N','Mujer');

--Jeans mujer
insert into detalle_producto
(id_detalle,id_producto,cantidad,color,talla,precio,imagen,promocion,genero)
values
(26,26,4,'azul','S',20000,'../images/Jeans/jeans01.jpg','N','Mujer');

insert into detalle_producto
(id_detalle,id_producto,cantidad,color,talla,precio,imagen,promocion,genero)
values
(27,27,10,'azul','M',25000,'../images/Jeans/jeans02.jpg','N','Mujer');

insert into detalle_producto
(id_detalle,id_producto,cantidad,color,talla,precio,imagen,promocion,genero)
values
(28,28,12,'blanco','L',20000,'../images/Jeans/jeans03.jpg','N','Mujer');

insert into detalle_producto
(id_detalle,id_producto,cantidad,color,talla,precio,imagen,promocion,genero)
values
(29,29,15,'negro','S',25000,'../images/Jeans/jeans04.jpg','N','Mujer');

---Pantalon mujer
insert into detalle_producto
(id_detalle,id_producto,cantidad,color,talla,precio,imagen,promocion,genero)
values
(30,30,4,'negro','6',20000,'../images/Pantalones/pantalon01negro.jpg','N','Mujer');

insert into detalle_producto
(id_detalle,id_producto,cantidad,color,talla,precio,imagen,promocion,genero)
values
(31,31,10,'azul','8',25000,'../images/Pantalones/pantalon02azul.jpg','N','Mujer');

insert into detalle_producto
(id_detalle,id_producto,cantidad,color,talla,precio,imagen,promocion,genero)
values
(32,32,12,'cafe','10',20000,'../images/Pantalones/pantalon03cafe.jpg','N','Mujer');

insert into detalle_producto
(id_detalle,id_producto,cantidad,color,talla,precio,imagen,promocion,genero)
values
(33,33,15,'azul','10',25000,'../images/Pantalones/pantalon04azul.jpg','N','Mujer');

---Calzado mujer
insert into detalle_producto
(id_detalle,id_producto,cantidad,color,talla,precio,imagen,promocion,genero)
values
(34,34,4,'negro','S',20000,'../images/Calzados/calzadomujer01.jpg','N','Mujer');

insert into detalle_producto
(id_detalle,id_producto,cantidad,color,talla,precio,imagen,promocion,genero)
values
(35,35,10,'blanco','M',25000,'../images/Calzados/calzadomujer02.jpg','N','Mujer');

insert into detalle_producto
(id_detalle,id_producto,cantidad,color,talla,precio,imagen,promocion,genero)
values
(36,36,12,'negro','L',20000,'../images/Calzados/calzadomujer03.jpg','N','Mujer');

insert into detalle_producto
(id_detalle,id_producto,cantidad,color,talla,precio,imagen,promocion,genero)
values
(37,37,15,'gris','S',25000,'../images/Calzados/calzadomujer04.jpg','N','Mujer');

---Accesorios mujer
insert into detalle_producto
(id_detalle,id_producto,cantidad,color,talla,precio,imagen,promocion,genero)
values
(38,38,4,'azul','S',20000,'../images/Accesorios/Accesoriomujer01.jpg','N','Mujer');

insert into detalle_producto
(id_detalle,id_producto,cantidad,color,talla,precio,imagen,promocion,genero)
values
(39,39,10,'negro','M',25000,'../images/Accesorios/Accesoriomujer02.jpg','N','Mujer');

insert into detalle_producto
(id_detalle,id_producto,cantidad,color,talla,precio,imagen,promocion,genero)
values
(40,40,12,'negro','L',20000,'../images/Accesorios/Accesoriomujer03.jpg','N','Mujer');

insert into detalle_producto
(id_detalle,id_producto,cantidad,color,talla,precio,imagen,promocion,genero)
values
(41,41,15,'rojo','S',25000,'../images/Accesorios/Accesoriomujer04.jpg','N','Mujer');

--- Punto mujer
insert into detalle_producto
(id_detalle,id_producto,cantidad,color,talla,precio,imagen,promocion,genero)
values
(42,42,4,'rojo','S',20000,'../images/Punto/Punto01.jpg','N','Mujer');

insert into detalle_producto
(id_detalle,id_producto,cantidad,color,talla,precio,imagen,promocion,genero)
values
(43,43,10,'gris','M',25000,'../images/Punto/Punto02.jpg','N','Mujer');

insert into detalle_producto
(id_detalle,id_producto,cantidad,color,talla,precio,imagen,promocion,genero)
values
(44,44,12,'verde','L',20000,'../images/Punto/Punto03.jpg','N','Mujer');

insert into detalle_producto
(id_detalle,id_producto,cantidad,color,talla,precio,imagen,promocion,genero)
values
(45,45,15,'rojo','S',25000,'../images/Punto/Punto04.jpg','N','Mujer');

---Camisas Hombre
insert into detalle_producto
(id_detalle,id_producto,cantidad,color,talla,precio,imagen,promocion,genero)
values
(46,46,4,'azul','S',20000,'../images/Camisas/Camisahombre01.jpg','N','Hombre');

insert into detalle_producto
(id_detalle,id_producto,cantidad,color,talla,precio,imagen,promocion,genero)
values
(47,47,10,'blanco','M',25000,'../images/Camisas/Camisahombre02.jpg','N','Hombre');

insert into detalle_producto
(id_detalle,id_producto,cantidad,color,talla,precio,imagen,promocion,genero)
values
(48,48,12,'verde','L',20000,'../images/Camisas/Camisahombre03.jpg','N','Hombre');

insert into detalle_producto
(id_detalle,id_producto,cantidad,color,talla,precio,imagen,promocion,genero)
values
(49,49,15,'rayas','S',25000,'../images/Camisas/Camisahombre04.jpg','N','Hombre');

---Camisas Hombre
insert into detalle_producto
(id_detalle,id_producto,cantidad,color,talla,precio,imagen,promocion,genero)
values
(50,50,4,'rojo','S',20000,'../images/Camisas/camisetashombre01.jpg','N','Hombre');

insert into detalle_producto
(id_detalle,id_producto,cantidad,color,talla,precio,imagen,promocion,genero)
values
(51,51,10,'blanco','M',25000,'../images/Camisas/camisetashombre02.jpg','N','Hombre');

insert into detalle_producto
(id_detalle,id_producto,cantidad,color,talla,precio,imagen,promocion,genero)
values
(52,52,12,'negro','L',20000,'../images/Camisas/camisetashombre03.jpg','N','Hombre');

insert into detalle_producto
(id_detalle,id_producto,cantidad,color,talla,precio,imagen,promocion,genero)
values
(53,53,15,'blanco','S',25000,'../images/Camisas/camisetashombre04.jpg','N','Hombre');

---Jeans Hombre
insert into detalle_producto
(id_detalle,id_producto,cantidad,color,talla,precio,imagen,promocion,genero)
values
(54,54,4,'azul','S',20000,'../images/Jeans/Jeanshombre01.jpg','N','Hombre');

insert into detalle_producto
(id_detalle,id_producto,cantidad,color,talla,precio,imagen,promocion,genero)
values
(55,55,10,'azul','M',25000,'../images/Jeans/Jeanshombre02.jpg','N','Hombre');

insert into detalle_producto
(id_detalle,id_producto,cantidad,color,talla,precio,imagen,promocion,genero)
values
(56,56,12,'azul','L',20000,'../images/Jeans/Jeanshombre03.jpg','N','Hombre');


---Pantalon Hombre
insert into detalle_producto
(id_detalle,id_producto,cantidad,color,talla,precio,imagen,promocion,genero)
values
(57,57,4,'gris','28',20000,'../images/Pantalones/Pantaloneshombre01.jpg','N','Hombre');

insert into detalle_producto
(id_detalle,id_producto,cantidad,color,talla,precio,imagen,promocion,genero)
values
(58,58,10,'negro','32',25000,'../images/Pantalones/Pantaloneshombre02.jpg','N','Hombre');

insert into detalle_producto
(id_detalle,id_producto,cantidad,color,talla,precio,imagen,promocion,genero)
values
(59,59,12,'azul','37',20000,'../images/Pantalones/Pantaloneshombre03.jpg','N','Hombre');

insert into detalle_producto
(id_detalle,id_producto,cantidad,color,talla,precio,imagen,promocion,genero)
values
(60,60,12,'rojo','30',20000,'../images/Pantalones/Pantaloneshombre04.jpg','N','Hombre');

---Calzados Hombre
insert into detalle_producto
(id_detalle,id_producto,cantidad,color,talla,precio,imagen,promocion,genero)
values
(61,61,4,'cafe','40',15000,'../images/Calzados/calzadohombre01.jpg','N','Hombre');

insert into detalle_producto
(id_detalle,id_producto,cantidad,color,talla,precio,imagen,promocion,genero)
values
(62,62,10,'cafe','38',25000,'../images/Calzados/calzadohombre02.jpg','N','Hombre');

insert into detalle_producto
(id_detalle,id_producto,cantidad,color,talla,precio,imagen,promocion,genero)
values
(63,63,12,'negro','42',28000,'../images/Calzados/calzadohombre03.jpg','N','Hombre');

insert into detalle_producto
(id_detalle,id_producto,cantidad,color,talla,precio,imagen,promocion,genero)
values
(64,64,12,'negro','45',25000,'../images/Calzados/calzadohombre04.jpg','N','Hombre');

---Accesorios Hombre
insert into detalle_producto
(id_detalle,id_producto,cantidad,color,talla,precio,imagen,promocion,genero)
values
(65,65,4,'oro','S',15000,'../images/Accesorios/accesoriohombre01.jpg','N','Hombre');

insert into detalle_producto
(id_detalle,id_producto,cantidad,color,talla,precio,imagen,promocion,genero)
values
(66,66,10,'bronce','M',25000,'../images/Accesorios/accesoriohombre02.jpg','N','Hombre');

insert into detalle_producto
(id_detalle,id_producto,cantidad,color,talla,precio,imagen,promocion,genero)
values
(67,67,12,'negro','L',28000,'../images/Accesorios/accesoriohombre03.jpg','N','Hombre');

insert into detalle_producto
(id_detalle,id_producto,cantidad,color,talla,precio,imagen,promocion,genero)
values
(68,68,12,'azul','L',25000,'../images/Accesorios/accesoriohombre04.jpg','N','Hombre');

---Punto Hombre
insert into detalle_producto
(id_detalle,id_producto,cantidad,color,talla,precio,imagen,promocion,genero)
values
(69,69,4,'cafe','S',15000,'../images/Punto/Puntohombre01.jpg','N','Hombre');

insert into detalle_producto
(id_detalle,id_producto,cantidad,color,talla,precio,imagen,promocion,genero)
values
(70,70,10,'negro','M',25000,'../images/Punto/Puntohombre02.jpg','N','Hombre');

insert into detalle_producto
(id_detalle,id_producto,cantidad,color,talla,precio,imagen,promocion,genero)
values
(71,71,12,'negro','L',28000,'../images/Punto/Puntohombre03.jpg','N','Hombre');

insert into detalle_producto
(id_detalle,id_producto,cantidad,color,talla,precio,imagen,promocion,genero)
values
(72,72,12,'gris','L',25000,'../images/Punto/Puntohombre04.jpg','N','Hombre');

insert into producto(correo_tienda,descripcion) values ('prueba@gmail.com','Camisa tirantes');

PROMPT eliminó cliente
execute prc_eliminar_cliente('carcamaron@gmail.com');
PROMPT eliminó usuario
execute prc_eliminar_usuario('carcamaron@gmail.com');

commit;